ID,PC1,PC2,name
chromosome_GCF_002951835.1_ASM295183v1,1.528217893871207,0.4553340633185116,chromosome_GCF_002951835.1_ASM295183v1
chromosome_GCF_014054985.1_ASM1405498v1,5.607953060361061,-1.8997336054733913,chromosome_GCF_014054985.1_ASM1405498v1
plasmid_pDSM18271_GCF_014054985.1_ASM1405498v1,-8.417677844136358,-0.12775400738760023,plasmid_pDSM18271_GCF_014054985.1_ASM1405498v1
chromosome_GCF_014054525.1_ASM1405452v1,2.2918825034566077,1.3608318431578972,chromosome_GCF_014054525.1_ASM1405452v1
chromosome_GCF_022354465.1_ASM2235446v1,4.001651624271337,-0.2396588402392791,chromosome_GCF_022354465.1_ASM2235446v1
chromosome_GCF_016894345.1_ASM1689434v1,3.5865263886991974,0.960719190922234,chromosome_GCF_016894345.1_ASM1689434v1
chromosome_GCF_022870845.1_ASM2287084v1,5.39613437970567,0.6706468513336732,chromosome_GCF_022870845.1_ASM2287084v1
chromosome_GCF_022749515.1_ASM2274951v1,5.1309511296747035,0.09227375036667529,chromosome_GCF_022749515.1_ASM2274951v1
chromosome_1_GCF_001718895.1_ASM171889v1,-1.059990859596483,-2.2255639814734676,chromosome_1_GCF_001718895.1_ASM171889v1
chromosome_2_GCF_001718895.1_ASM171889v1,-3.649392656741233,-2.459151516930111,chromosome_2_GCF_001718895.1_ASM171889v1
chromosome_3_GCF_001718895.1_ASM171889v1,-5.8180591249949485,-1.7807332054696252,chromosome_3_GCF_001718895.1_ASM171889v1
chromosome_GCF_000009145.1_ASM914v1,-4.555490161662458,2.95725577197945,chromosome_GCF_000009145.1_ASM914v1
chromosome_GCA_019038085.1_ASM1903808v1,-4.042706332908292,2.235533685895028,chromosome_GCA_019038085.1_ASM1903808v1
