size,0,1,2,3,4,5,6,7,8,9,10,11,12,13,14,15,16,17,18,19,20
3,29204,35001,26684,26945,29267,30614,28890,30096,29243,29518,30021,29839,29978,29435,29335,28979,29038,29869,29595,29605,29360
4,7498,9143,7154,7095,7680,8104,7988,7906,7766,7793,7763,8013,7608,7375,7569,7769,7542,8056,7610,8185,7886
5,1951,2447,2028,2450,2180,2337,2356,2066,2157,2075,2083,2015,1971,2086,2077,2089,1858,2219,2027,2039,1972
6,543,628,524,581,675,581,635,520,494,567,542,588,551,573,481,623,631,656,581,584,509
7,169,173,128,156,134,182,199,176,196,127,144,180,176,193,122,107,145,377,151,134,113
8,30,62,42,44,51,46,39,45,40,49,33,42,47,40,51,42,57,47,51,42,36
9,18,15,17,29,38,23,20,13,9,7,16,20,13,8,6,20,9,24,13,19,6
10,6,15,9,16,26,20,18,14,13,4,2,7,4,12,0,8,2,5,0,7,10
11,6,4,7,11,21,4,6,7,0,2,7,0,0,0,1,2,0,0,0,0,0
12,3,9,10,10,14,15,10,0,4,5,0,2,1,10,3,2,0,0,0,0,2
13,0,8,2,4,6,0,4,4,0,0,0,0,0,0,0,0,2,0,0,0,0
14,0,2,4,0,6,2,0,2,0,2,0,0,1,0,2,0,0,2,0,0,0
15,0,0,4,0,0,0,0,2,0,2,0,0,0,2,0,0,0,0,0,0,0
16,0,0,0,2,5,0,0,0,0,0,0,0,0,0,0,0,0,0,0,0,0
17,0,1,0,0,0,0,0,0,0,0,0,0,0,0,0,0,0,0,0,0,0
18,0,0,0,0,0,2,0,0,0,0,2,0,0,0,0,0,0,0,0,0,0
20,0,2,0,0,0,0,0,0,0,0,0,0,0,0,0,0,0,0,0,0,0
