pal,1N,2N,3N,4N,5N,6N,ratio
AAATTT,-0.19339161716961484,-0.12320933844960523,-0.2556737387848741,-0.2110709842372134,-0.12635518780466654,-0.18244415582831264,-0.3235220049090982
AATATT,0.050523411600761146,-0.04132834433581616,-0.24067192949064375,-0.2327124452650299,-0.023509324737445356,0.023282932282978678,-0.08444512796108562
AACGTT,0.06293374315775907,0.057611624620011175,-0.07713915594802555,-0.06495670334768731,0.2500864806047017,0.0788029990457357,0.02290830731004316
AAGCTT,-0.15422527495455632,0.22466967393645107,-0.2785360219030879,-0.3432807132767006,-0.07443326455458303,0.016123598629647944,-0.08424216663725877
ATATAT,0.13497753391970949,0.05398822802704885,0.09453898886896686,0.05344220358594078,0.04891633678175673,0.10677092825554477,0.014730290156328046
ATTAAT,-0.04905833853456721,-0.16185076496938855,0.026730651131081928,0.09588343102334312,-0.15463980352528242,-0.1274642885812686,-0.10426159959043259
ATCGAT,-0.01102543613016765,-0.028358430329911498,-0.09215791422736022,-0.12090568788592013,0.07944054586110394,0.013095769702395363,0.03687163876874346
ATGCAT,-0.25476241968299884,0.17436179278547315,-0.032139547451661796,-0.03144776840233702,0.08741646974792706,-0.18322662082377877,0.06771753944057463
ACATGT,-0.16054898660433925,0.06893499436297335,-0.16039331513828378,-0.11786976550380578,-0.01631173886244123,-0.14915982774677164,-0.09855516545717795
ACTAGT,-0.11258347708666547,-0.06655218427648635,-0.1941089785858226,-0.3624868332443283,0.03871906954138099,-0.14476724080671852,-0.2529807411698709
ACCGGT,-0.5436304970198675,-0.07841568504487083,-0.34999783766604536,-0.27084635081902075,-0.4052981087474112,-0.8938182024170893,-0.3785116232537298
ACGCGT,-0.08531165441567376,0.2766467297196005,0.025997308711355555,0.07270012688835867,0.6070952251449638,-0.1631250369499461,0.3694564649699482
AGATCT,-1.9786454580011323,-0.863521654344527,-0.9403116131079166,-0.8815143272912322,-0.770057180518759,-1.724950797226485,-2.8044076380072673
AGTACT,-0.3727007774102086,0.06557167364865102,-0.10366916613894105,-0.24207012239633358,-0.06472956121169327,-0.09009040758462337,-0.32548591430055146
AGCGCT,0.5586489550455713,0.47978804485168974,0.33277320693926843,0.2646122962605421,0.5063966363785242,0.5427277323492974,0.9702526566059481
AGGCCT,-0.2502547566114786,-0.04801642045235289,-0.27875066325179326,-0.13098608213235874,0.007583345650864,-0.5298310540079278,-0.6205864104518776
TAATTA,-0.21156355057613754,0.03508393411726481,0.025158124995161384,-0.031241632406987133,0.08474232614254393,-0.19232138049302433,-0.08249901016939269
TATATA,0.09436024601166372,0.17182425626905196,0.016142184955339586,0.08930438479592585,0.17906742805639864,0.06506428622133471,0.058081589374996356
TACGTA,-0.22593772901638165,-0.4334686252508392,-0.06309514861933854,-0.08693991654636771,-0.22497473738699245,-0.19614618910067252,-0.18103339157539036
TAGCTA,0.10344411141554116,0.2513793679146801,-0.011021284634087466,-0.003938959145496055,0.10629749082685547,0.0015584012769917568,0.11908847097231481
TTATAA,0.11416696781617616,0.07899800970174936,0.08469374541254743,0.03696282527765472,0.06303961377931516,0.11479548357230479,0.0795203396435263
TTTAAA,0.08159906121460384,0.11721316855332262,0.26831047552052006,0.24089653485616086,0.09948756861516592,0.05316587797449803,0.28252633287191664
TTCGAA,0.09386985551321772,-0.11982495899678758,-0.10310558501460847,-0.037673853230944784,-0.36045938965563973,0.1332239292049919,0.05658352836636747
TTGCAA,-0.286486185075522,-0.19590146368153752,-0.11624402881874991,-0.10653089980316172,-0.21256829219730894,-0.38275618928367244,-0.4706298252421612
TCATGA,-0.16593164948449635,0.27206597925765513,-0.13973585886118034,-0.008900655389037462,0.2592556771312082,0.0014225533715824352,0.2544212755290858
TCTAGA,-0.5097177122133107,-0.14150680157986387,-0.6097935116822863,-0.5096516278664995,-0.1844076012397116,-0.34869998178476386,-0.6305435350300517
TCCGGA,-1.3538369354903494,-0.8486216496340123,-0.5997596614068315,-0.7883500808284706,-0.781211198220807,-1.0107619869102327,-1.2779847472997652
TCGCGA,-0.5753043013987962,0.3768726459550563,0.01967627246506869,-0.022710395401221866,0.4202504570511676,-0.10894784877142837,0.1520030934450497
TGATCA,-1.3173761588363941,-0.07897305549418018,-0.3248569308300282,-0.3745746447849506,-0.0998627494705781,-1.1591263768128277,-1.1904619324450072
TGTACA,-0.32370265853946867,-0.02199947961504914,-0.3072131969088386,-0.18473121295131195,0.03138374819560861,-0.3686437293958901,-0.17891378466956695
TGCGCA,0.16563934572433783,-0.12981988825955176,-0.20994409304304362,-0.051163299951551555,-0.1650897968777516,-0.012995701721854575,-0.31807576939175586
TGGCCA,-1.3497474715063373,-0.08477962297029878,-0.25021049787273664,-0.4817555609668329,0.03359127153718597,-0.4887545025194482,-0.5295493804025496
CAATTG,-0.09277734921239332,-0.1915571002356639,-0.05589389457455955,-0.11754163643442947,-0.15811666480534198,-0.19098407436025314,-0.24424415531077678
CATATG,0.019687810870805393,-0.09550831181328548,-0.18842785781896915,-0.16908003965945065,-0.06431071450103296,0.05803932398126373,-0.1151357107214804
CACGTG,-0.07172524534474822,-0.09063866289244549,-0.11597142504957739,-0.0794304643010191,-0.06602609587099609,-0.11411181345492576,-0.429812851959242
CAGCTG,0.08421979196119142,-0.10167556794950813,0.006556284726626764,0.012315247678419912,-0.28108871840290717,-0.027523700364055628,-0.5081469036703253
CTATAG,0.17451532384509394,-0.09132917705631312,0.03176366502084087,-0.12877893488600872,0.014445855038309446,0.22365013138514678,0.18048319314088906
CTTAAG,-0.23939225242951936,-0.2948649749984771,-0.29080393338460836,-0.2695563246306941,-0.28917003780585215,-0.21086628003766245,-0.44983322584050245
CTCGAG,-0.056323019711337914,0.05002107713221979,-0.4761554109769056,-0.24098210438875123,-0.18060673634371172,-0.2639056673759055,-0.454175893185802
CTGCAG,-0.4294516730395093,-0.29098157496370647,-0.2829717389284887,-0.3788500543637077,-0.04761993688049734,-0.49310047323637135,-0.8422605370058057
CCATGG,-0.4301385412465292,-0.35539988627788954,-0.9701220105264036,-0.5795341774251948,-0.33538528093627834,-0.6070168343293177,-0.667424660913129
CCTAGG,-0.08917847009091773,0.028576461476818974,0.3170788522902159,-0.6029550034780451,0.1835180142903438,-0.2716163514596008,0.654503433974233
CCCGGG,-0.7931218788775335,-0.3328826412569372,-1.242253076879079,-0.9905678442233071,-0.9191655837144915,-0.9158642646646605,-1.1699250014423124
CCGCGG,-1.0602159556964375,-0.637749784690966,-0.18628609424286996,0.09147469576841032,-0.2485614661120427,-1.2131409466995096,-0.9634741239748859
CGATCG,-1.0919696130471872,-0.202468206565272,-0.02356527421626576,0.11023364039437689,-0.3616982794318277,-1.7638940770754234,-1.450661409009565
CGTACG,-0.2757333649480865,-0.09542072360478675,-0.3686611646492598,0.10218881139565564,-0.28725481092318905,-0.3707131701132279,-0.13750352374993496
CGCGCG,-0.3995576929205857,-0.5618652506968402,0.2557934540259477,0.2900986021357994,0.23043293821519623,-0.03444649545996737,0.1520030934450497
CGGCCG,-0.17843817067666537,0.12071640182251867,0.44115263497956075,-0.19780140378584904,-0.33242040438621473,-0.8851655383731998,0.3959286763311392
GAATTC,-0.29369969306413185,-0.3311436862870447,-0.23366488635767718,-0.2925927451317927,-0.13468570383660328,-0.22568259934068743,-0.32418937284386584
GATATC,0.007794481974550151,-0.07856931604766113,-0.6018354147533967,-0.5755256961156907,0.16408160339167127,0.02597940797220329,-0.22787796042017744
GACGTC,0.45710589623426,0.8858342989247346,0.5784335116325254,0.5127716142222853,0.6009927222059475,0.4538316685407517,1.1124747292584123
GAGCTC,-0.08776073463310252,0.1819268563130647,-0.627911896892983,-0.5296318593463335,0.1928309083771525,-0.044480405753510324,-0.2910487820033904
GTATAC,0.1696531083871699,-0.06983390428762883,0.04389872877845856,-0.023400987653622862,-0.13761117927793973,0.14809639075515316,0.16061622374975804
GTTAAC,-0.13645560965848033,-0.19078316519570215,-0.017431987074184502,-0.17867730005360655,-0.1131540258388084,-0.05814244876353005,-0.35049724708413305
GTCGAC,-0.04484069828364198,0.1649491422970602,-0.27796799100749753,0.17522431004210293,0.5235579130075987,0.09926666985658839,0.14359085362884977
GTGCAC,-0.1428231010786786,0.05448928109900693,0.12380014391686364,-0.10084712772123328,0.19895561254421773,-0.054440095532886174,0.31663379521784923
GCATGC,-0.16556931158798427,-0.13385443693039972,0.026342347389166507,0.05112502684678599,-0.3109728694267452,-0.1674343802188421,-0.2282689876731172
GCTAGC,-0.24288929716037075,0.1586067136085208,-0.09738998791993647,0.01124137464729949,0.00197054095117061,-0.18928538250018154,-0.05537675703637321
GCCGGC,-0.519434656634765,-0.4920608769125177,0.3351716725843277,-0.06834110132907885,-0.037554313652815946,-0.38957951403053276,0.17897014104531928
GCGCGC,-0.6037631586540437,-0.014896504131972702,0.028689012544070427,0.29878774443262146,0.2749418884719138,-0.839381237744067,-0.3785116232537298
GGATCC,-1.7232458160862252,-0.6865698280369706,-0.5307000978524453,-0.6455291516973026,-0.6381321030007558,-1.463265794856203,-1.8073549220576042
GGTACC,-0.014151332302575217,-0.004143419453939687,0.23889676932741416,0.16735666540096264,-0.1677873055928157,-0.1568408261065975,0.03652587602511375
GGCGCC,0.6185313759450827,0.4916031165719164,1.2631031186084032,1.2952929560857567,-0.03667064067953668,0.44797644862693065,0.9740047914670555
GGGCCC,0.027512250265666144,1.3663684519532786,1.5238462684868401,1.6780255887807953,0.9211596758400933,0.1528229463717608,3.126007884912106
