0,1,2,3,4,5,6,7,8,9,10,11,12,13,14,15,16,17
0.7891365888181174,0.7615017064846417,0.7618798955613577,0.8792079207920792,0.944,0.96875,0.8181818181818182,1.3333333333333333,3.0,2.0,1.0,1.0,1.0,1.0,1.0,1.0,1.0,1.0
0.920196439533456,0.9207761710542578,0.9574468085106383,1.0994475138121549,1.2464788732394363,1.35,0.8,1.0,3.0,3.0,2.0,1.0,1.0,1.0,1.0,1.0,1.0,1.0
0.9498637602179836,0.9787613488975356,1.016179215930305,1.152019002375297,1.108108108108108,1.3793103448275863,1.0,1.0,3.0,4.0,1.0,1.0,1.0,1.0,1.0,1.0,1.0,1.0
1.0180630452891402,0.98062792251169,1.007015306122449,1.1088607594936708,1.1743119266055049,1.3928571428571428,1.2857142857142858,1.3333333333333333,5.0,8.0,1.0,1.0,2.0,2.0,1.0,1.0,1.0,1.0
0.9773037167363096,0.9966369598116698,1.058746736292428,1.0800970873786409,0.9906542056074766,0.896551724137931,1.5,1.5,3.0,1.0,1.0,1.0,1.0,1.0,1.0,1.0,1.0,1.0
0.995927126215293,1.038571188998826,1.123602892833662,1.144893111638955,0.8490566037735849,1.103448275862069,1.0,2.0,4.0,3.0,1.0,1.0,1.0,1.0,1.0,1.0,1.0,1.0
1.0381169857720007,1.005579979709165,1.1169250645994833,1.103960396039604,1.180952380952381,1.1538461538461535,1.25,0.6666666666666666,3.0,3.0,1.0,1.0,1.0,1.0,1.0,1.0,1.0,1.0
0.9774291098742166,1.007461421061557,0.987012987012987,1.075,1.0803571428571428,1.0,1.1428571428571428,1.0,3.0,1.0,1.0,1.0,1.0,1.0,1.0,1.0,1.0,1.0
0.9774614472123369,1.021631749276103,1.0671447196870925,1.0693069306930694,1.1067961165048543,1.0303030303030305,0.875,2.5,1.0,1.0,1.0,1.0,1.0,1.0,1.0,1.0,1.0,1.0
1.039795963238204,1.0017015484090523,0.970873786407767,1.083743842364532,1.076190476190476,1.3448275862068966,2.0,2.5,1.0,3.0,1.0,1.0,1.0,1.0,1.0,1.0,1.0,1.0
0.9849432068327904,1.0282073067119797,1.0058862001308044,0.9427860696517412,1.194174757281553,1.9615384615384612,2.833333333333333,0.6666666666666666,2.0,2.0,1.0,1.0,1.0,1.0,1.0,1.0,1.0,1.0
0.9831877151178184,1.044132740335272,1.0110317975340688,1.1649746192893402,1.1886792452830188,1.0689655172413792,1.4285714285714286,3.333333333333333,3.0,2.0,1.0,1.0,1.0,1.0,1.0,1.0,1.0,1.0
1.0462611459344928,1.0373373880723096,0.9928756476683938,0.9877450980392156,1.2358490566037736,1.4444444444444444,0.8888888888888888,1.0,1.0,1.0,1.0,1.0,1.0,1.0,1.0,1.0,1.0,1.0
0.9992044550517104,1.005982905982906,0.979948253557568,1.07,1.102803738317757,0.6666666666666666,1.2222222222222223,1.0,1.0,1.0,1.0,1.0,1.0,1.0,1.0,1.0,1.0,1.0
1.0016858169557694,1.0258371579126295,0.9921208141825344,1.0846153846153843,1.4504504504504503,1.2142857142857142,1.0,1.0,2.0,1.0,3.0,1.0,1.0,1.0,1.0,1.0,1.0,1.0
1.0263239530245956,1.0136111577886069,1.0266927083333333,1.2046035805626598,1.146788990825688,1.6785714285714286,1.125,0.6666666666666666,3.0,2.0,1.0,1.0,1.0,1.0,1.0,1.0,1.0,1.0
0.980213762035156,1.0006839945280437,1.0253164556962024,1.0796915167095116,0.9622641509433962,1.0,1.2857142857142858,1.3333333333333333,1.0,1.0,1.0,1.0,1.0,1.0,1.0,1.0,1.0,1.0
0.9912401008715658,1.019122417619942,1.0576540755467196,1.045112781954887,1.2178217821782178,0.925925925925926,1.1666666666666667,2.0,3.0,1.0,1.0,1.0,1.0,1.0,1.0,1.0,1.0,1.0
1.0223950233281494,1.0186820652173914,1.0368906455862978,0.9673366834170856,1.1454545454545455,1.0384615384615383,1.0,1.0,3.0,1.0,1.0,1.0,1.0,1.0,1.0,1.0,1.0,1.0
0.9874020655270656,0.9905084745762712,0.9444811632518176,0.9593908629441624,0.8095238095238095,1.103448275862069,1.5714285714285714,2.0,1.0,1.0,1.0,1.0,1.0,1.0,1.0,1.0,1.0,1.0
0.9651090342679128,1.0013715069432538,0.9837239583333334,1.14,0.7383177570093458,0.7333333333333333,1.125,4.0,1.0,1.0,1.0,1.0,1.0,1.0,2.0,1.0,1.0,1.0
