range_start,range_end
35007,35290
38856,39185
43912,44202
48606,48828
52868,53099
56098,56475
57327,57664
58466,58688
59351,59701
67227,67606
77041,77267
79402,79663
84159,84505
86152,86507
89435,89767
121534,121758
121968,122299
129061,129433
130920,131147
144970,145411
146378,146604
148611,148907
153051,153394
153620,154140
154787,155093
156001,156276
168356,168765
171472,171862
176536,176990
179832,180173
181146,181491
182980,183318
196838,197099
207715,208059
210868,211250
212455,212792
221165,221601
222615,222848
224795,225266
225372,225609
226088,226360
226778,227070
227227,227573
228682,228934
243272,243500
244653,244937
247672,248002
251165,251527
263300,263527
270638,270884
275572,275809
275852,276107
293264,293493
358064,358289
359421,359822
368129,368478
379589,379824
386063,386414
386447,386806
390606,390832
391444,391791
406530,406841
445728,445984
449587,449881
463450,463883
467249,467536
467716,468050
476604,476828
487110,487339
488610,488857
489776,490224
493242,493477
493964,494243
495534,495874
496136,496571
504252,504493
506785,507059
513621,513952
533184,533413
542849,543092
553953,554293
573092,573323
592809,593153
597589,597904
604646,605289
609695,609966
613989,614257
622032,622365
626543,626888
636454,636801
637870,638209
638568,639139
652624,652843
662411,662760
693647,693860
701245,701594
719143,719418
726187,726576
728343,728674
732955,733285
733555,733786
737548,737774
741365,741700
747254,747657
750292,750575
750703,751057
756957,757188
759596,759862
769691,769976
770052,770352
811889,812135
818936,819301
862541,862921
870705,870938
874438,874907
876718,877024
877159,877532
878019,878344
886005,886278
887957,888360
893370,893653
895619,896027
898398,898732
900029,900260
900951,901498
906109,906444
927257,927472
933209,933441
934107,934429
939168,939550
950687,950920
973582,973808
975158,975572
978345,978683
982024,982361
987230,987561
993428,993660
1012406,1012780
1013986,1014220
1034669,1034892
1040450,1040912
1043636,1043937
1071496,1071797
1088477,1088714
1089574,1089821
1090862,1091075
1094540,1094770
1097800,1098095
1104089,1104413
1112290,1112616
1119927,1120159
1140106,1140338
1144000,1144229
1144300,1144637
1145476,1145757
1146150,1146388
1155675,1155998
1159997,1160416
1164362,1164657
1180243,1180572
1184099,1184442
1192620,1192865
1198165,1198491
1212918,1213266
1213861,1214077
1217626,1217909
1234802,1235063
1235107,1235327
1246740,1246957
1253754,1253975
1254108,1254569
1262368,1262730
1272103,1272526
1272547,1272890
1273322,1273556
1283907,1284127
1286393,1286672
1286815,1287032
1287341,1287569
1299051,1299336
1301664,1302001
1305766,1305984
1317872,1318248
1325106,1325324
1327690,1327943
1334523,1334870
1338416,1338628
1346317,1346575
1347645,1347874
1348258,1348655
1349870,1350251
1350834,1351162
1361009,1361253
1371886,1372119
1373433,1373765
1421274,1421493
1466713,1467061
1478128,1478485
1478669,1479008
1483242,1483454
1484175,1484519
1489996,1490422
1503723,1503954
1514841,1515159
1515757,1516152
1528059,1528323
1534330,1534709
1537837,1538065
1541671,1541943
1543355,1543651
1543813,1544429
1545419,1545867
1549346,1549755
1550768,1551018
1551207,1551540
1552994,1553376
1567239,1567586
1569640,1569867
1604666,1604954
1606684,1606910
1611732,1612097
1625243,1625573
1643383,1643649
1648843,1649210
1676475,1676723
1677938,1678354
1679366,1679579
1689679,1689986
1697327,1697572
1705283,1705557
1721683,1721922
1723485,1723801
1724653,1725064
1731167,1731610
1734760,1735103
1757354,1757580
1763599,1763815
1773589,1773908
1775375,1775633
1786524,1786745
1793015,1793243
1793650,1794470
1795961,1796377
1807598,1807927
1809325,1809617
1813276,1813502
1822346,1822598
1826418,1826768
1827214,1827626
1828694,1828915
1830044,1830401
1831293,1831930
1837385,1837619
1841799,1842019
1845797,1846113
1848263,1848618
1848859,1849570
1850117,1850827
1854908,1855176
1855861,1856257
1862212,1862453
1868389,1868730
1869263,1869615
1871378,1871591
1872743,1873009
1875719,1875932
1882830,1883064
1883694,1884103
1884766,1885062
1885176,1885403
1886057,1886590
1890435,1890707
1894135,1894516
1898096,1898327
1902235,1902659
1921171,1921506
1923208,1923471
1945910,1946241
1968535,1969092
1981743,1981976
1982714,1983132
1983376,1983811
1984202,1984556
1988319,1988690
1990313,1990542
1990627,1990923
1991103,1991429
1997518,1997734
2009115,2009517
2019823,2020039
2028381,2028682
2053871,2054310
2055607,2055946
2058222,2058625
2072997,2073226
2074063,2074290
2077109,2077448
2077507,2077805
2081345,2081567
2093152,2093489
2094349,2094745
2095411,2095978
2097192,2097426
2098121,2098530
2103383,2103610
2104798,2105024
2107874,2108234
2110701,2111037
2115291,2115664
2127754,2128037
2128170,2128459
2135074,2135293
2143727,2144027
2146685,2146908
2154104,2154411
2157339,2157690
2162976,2163191
2163977,2164298
2167340,2167563
2174238,2174645
2189700,2189932
2197065,2197403
2198603,2199052
2204250,2204519
2219095,2219418
2220957,2221400
2245705,2246083
2263393,2263750
2265632,2265864
2266379,2266603
2267591,2267825
2267901,2268226
2268249,2268679
2273136,2273356
2296972,2297234
2302085,2302321
2308001,2308336
2323346,2323635
2328868,2329118
2338482,2338712
2341626,2341859
2349834,2350264
2354571,2355000
2360708,2360935
2365629,2365856
2373594,2373938
2374346,2374742
2376133,2376643
2379632,2380109
2381324,2381557
2392435,2392700
2393775,2394000
2403597,2403945
2404991,2405282
2405769,2405989
2407772,2408079
2424038,2424263
2430416,2430705
2438034,2438342
2445318,2445889
2447968,2448304
2457087,2457329
2460090,2460413
2463761,2464089
2464147,2464436
2474813,2475169
2481831,2482186
2484444,2484672
2489577,2489814
2495393,2495732
2497723,2497942
2501213,2501447
2561883,2562143
2595311,2595625
2596231,2596461
2614666,2614986
2615522,2615751
2618983,2619400
2620145,2620470
2621094,2621787
2628778,2629010
2629505,2629728
2630253,2630539
2630691,2630997
2635428,2635749
2639609,2639942
2645684,2646020
2648738,2649051
2662931,2663279
2663923,2664439
2672659,2672881
2675519,2675844
2692172,2692447
2692780,2693074
2694056,2694410
2735507,2735735
2741621,2742025
2757770,2758035
2766380,2766608
2769037,2769249
2772127,2772356
2780250,2780623
2784333,2784659
2788879,2789151
2792706,2793014
2794799,2795113
2802060,2802502
2803020,2803343
2803589,2803836
2808440,2808712
2824965,2825320
2833310,2833652
2834639,2834934
2835688,2835935
2843927,2844176
2853802,2854086
2861937,2862259
2866671,2866894
2875432,2875779
2894325,2894673
2901322,2901669
2904200,2904540
2911920,2912228
2927090,2927371
2937946,2938355
2942606,2942980
2951533,2951793
2953527,2953873
2955861,2956224
2975943,2976273
2976860,2977138
2980552,2980850
2982918,2983154
2983845,2984167
2984788,2985017
2986353,2986695
2986887,2987245
2993235,2993633
3014668,3014899
3036565,3036782
3043936,3044256
3047789,3048167
3048657,3048884
3050077,3050305
3054318,3054714
3054818,3055145
3055541,3055774
3060055,3060318
3061368,3061737
3064380,3064761
3069055,3069282
3072402,3072738
3081342,3081730
3097573,3097817
3113396,3113729
3116054,3116286
3132598,3133029
3139968,3140303
3140633,3140951
3144123,3144569
3144645,3144915
3145186,3145469
3148376,3148731
3159727,3159962
3171373,3171588
3173525,3173874
3175397,3175629
3179335,3179620
3191365,3191645
3195697,3196163
3196345,3196589
3198349,3198706
3202090,3202430
3217409,3217821
3218289,3218543
3223599,3223917
3225130,3225436
3237574,3237918
3253791,3254091
3255475,3255771
3259263,3259511
3261832,3262116
3263999,3264392
3265408,3265745
3265940,3266324
3269178,3269622
3287905,3288239
3290644,3290897
3293330,3293898
3293956,3294287
3299005,3299397
3300091,3300492
3311699,3311954
3318148,3318814
3328324,3328550
3329416,3329695
3333111,3333339
3333832,3334046
3337511,3337787
3340517,3340760
3348082,3348404
3352089,3352316
3354813,3355081
3360287,3360571
3361656,3362078
3364027,3364366
3365337,3365565
3365740,3366147
3366223,3366561
3366710,3367344
3368165,3368581
3368628,3368968
3369573,3369786
3374655,3374924
3379758,3380072
3384067,3384367
3384719,3385028
3386219,3386654
3386790,3387006
3387189,3387623
3411575,3412001
3412178,3412731
3413589,3413938
3416694,3416958
3421039,3421324
3422305,3422537
3423344,3423658
3425850,3426295
3430186,3430514
3437719,3438141
3445329,3445689
3447798,3448024
3450020,3450361
3451478,3451811
3453041,3453380
3460261,3460482
3465513,3465848
3467866,3468100
3473195,3473643
3473999,3474396
3478997,3479272
3479966,3480180
3481999,3482331
3483429,3483642
3492751,3492984
3498189,3498476
3498967,3499228
3508292,3508504
3511019,3511284
3513164,3513518
3526769,3527251
3532746,3533101
3550918,3551183
3574396,3574667
