size,gap,z,id
11,4,5.0,chromosome_GCF_000005845.2_ASM584v2
11,11,4.0,chromosome_GCF_000009045.1_ASM904v1
11,12,5.0,chromosome_GCF_000013425.1_ASM1342v1
12,7,5.0,chromosome_GCF_000006765.1_ASM676v1
12,6,6.0,chromosome_GCF_000195955.2_ASM19595v2
11,4,5.0,chromosome_GCF_000006945.2_ASM694v2
8,11,3.0,plasmid_pSLT_GCF_000006945.2_ASM694v2
12,9,4.0,chromosome_GCF_018885085.1_ASM1888508v1
7,6,3.0,plasmid_unnamed_GCF_018885085.1_ASM1888508v1
10,10,3.0,chromosome_GCF_009769205.1_ASM976920v1
6,10,3.0,plasmid_pLcDC21.1_1_GCF_009769205.1_ASM976920v1
11,5,4.0,chromosome_1_GCF_008369605.1_ASM836960v1
10,13,4.0,chromosome_2_GCF_008369605.1_ASM836960v1
8,7,4.0,plasmid_unnamed_GCF_008369605.1_ASM836960v1
14,3,3.0,chromosome_GCF_017821535.1_ASM1782153v1
7,3,3.0,plasmid_pMT5135_GCF_017821535.1_ASM1782153v1
14,18,4.0,chromosome_GCF_000022005.1_ASM2200v1
