,3,4,5,6,7,8,9,10,11,12,13,14,15,16,17,18,19,20
0,0.8553414043583535,0.858456821665815,0.908312620822977,0.922996878251821,0.8947368421052632,0.6885245901639344,1.5789473684210527,2.2,1.5,4.0,9.0,2.0,4.0,3.0,2.0,3.0,2.0,1.0
1,0.9363809870035444,0.9220004116073266,0.9753086419753086,1.0224828934506354,1.0898876404494382,0.8,1.2105263157894737,1.5714285714285714,7.0,6.5,8.0,4.0,6.0,4.0,1.0,3.0,2.0,1.0
2,0.9454970936815883,0.9636913767019667,0.9417167078770753,0.9610215053763441,0.9278350515463918,0.9491525423728814,1.5384615384615385,2.5,4.5,8.0,8.0,5.0,5.0,1.0,2.0,2.0,1.0,1.0
3,0.9415230142670525,0.9720822024040325,1.0,0.9481582537517054,0.7263681592039801,0.7115384615384616,1.7333333333333334,3.2,3.5,13.0,7.0,9.0,4.0,3.0,3.0,1.0,1.0,1.0
4,0.9885057471264368,0.9922561148361507,0.9929502996122664,1.0217391304347827,1.065,1.4285714285714286,2.7142857142857144,5.166666666666667,9.5,16.0,18.0,13.0,12.0,4.0,2.0,2.0,1.0,1.0
5,1.0381856753207395,1.055887089135171,1.1237149946827367,1.1478029294274301,1.0707070707070707,1.368421052631579,2.7857142857142856,5.2,7.5,27.0,14.0,13.0,10.0,4.0,2.0,3.0,1.0,1.0
6,0.9833738232614637,1.0277618775042932,1.0802867383512544,1.0026041666666667,1.1758793969849246,1.3888888888888888,1.75,6.0,9.5,24.0,17.0,8.0,8.0,5.0,2.0,1.0,1.0,1.0
7,0.9875625047592457,1.0079410639112132,1.0784526391901663,1.0714285714285714,1.0102564102564102,1.490566037735849,1.5555555555555556,3.6,11.0,24.0,15.0,6.0,3.0,1.0,4.0,1.0,2.0,1.0
8,0.9848986452072934,1.0119183829138063,1.0425912670007158,0.9732620320855615,1.162303664921466,0.9056603773584906,1.5333333333333334,3.8,7.5,14.0,6.0,3.0,4.0,5.0,1.0,2.0,1.0,2.0
9,0.9758812143439283,1.00086463637237,1.0605842048323115,0.9865591397849462,1.0476190476190477,1.1,2.2222222222222223,3.25,4.5,9.0,4.0,3.0,2.0,1.0,1.0,1.0,1.0,1.0
10,1.0130798788711606,1.0114478114478114,1.0460144927536232,1.0994475138121547,1.2083333333333333,1.24,1.7857142857142858,5.5,7.0,5.0,2.0,1.0,2.0,1.0,2.0,2.0,1.0,1.0
11,0.9975019754785757,1.0370263234017936,1.0543872371283538,1.169167803547067,1.2205128205128206,1.0740740740740742,1.8461538461538463,2.5,8.0,5.0,9.0,2.0,1.0,1.0,1.0,1.0,2.0,1.0
12,0.9954508280515232,1.050754060324826,1.0271161597654819,1.048780487804878,1.1904761904761905,1.2830188679245282,1.3125,4.0,4.5,3.0,7.0,2.0,2.0,1.0,2.0,1.0,1.0,1.0
13,1.0172055160370816,1.018789747542879,1.0669804489500363,1.114709851551957,1.04,1.1730769230769231,1.1764705882352942,2.75,7.0,9.0,2.0,2.0,1.0,1.0,3.0,1.0,1.0,1.0
14,1.0213999794724418,1.0364829649647718,1.0560173473075534,1.1024590163934427,1.085427135678392,1.32,2.3636363636363638,2.25,4.0,3.0,4.0,3.0,1.0,2.0,1.0,1.0,1.0,1.0
15,0.9898542514291601,1.0240249003015272,1.0455539358600583,1.1167369901547117,1.305263157894737,1.469387755102041,1.8461538461538463,2.5,1.0,3.0,3.0,1.0,1.0,1.0,1.0,1.0,1.0,1.0
16,1.0005926765789677,1.0114407601318596,1.0513287222424463,1.053941908713693,1.0769230769230769,1.2592592592592593,1.6666666666666667,1.0,2.5,4.0,1.0,1.0,1.0,1.0,1.0,1.0,2.0,1.0
17,1.005345522156802,1.0396531566640685,1.0468692786525082,1.0572207084468666,1.1887755102040816,1.5,1.5833333333333333,2.4,2.5,4.0,1.0,3.0,1.0,1.0,1.0,1.0,1.0,1.0
18,0.9818874378109452,1.008621534241207,1.0437983069562018,1.0544692737430168,0.9794871794871794,0.9230769230769231,0.9375,2.0,1.5,2.0,1.0,1.0,1.0,1.0,1.0,1.0,1.0,1.0
19,0.9918130782825657,1.0070789499557566,1.0521642619311875,1.0429362880886426,1.0666666666666667,1.7083333333333333,1.7142857142857142,2.2,1.5,2.0,2.0,2.0,2.0,1.0,1.0,1.0,1.0,1.0
20,0.9854613427488447,1.0292403437716091,1.0680473372781065,1.075208913649025,1.078125,0.9807692307692307,1.0,2.3333333333333335,2.0,2.0,1.0,1.0,2.0,1.0,1.0,1.0,1.0,1.0
